{
  "Dictionary" : {
    "transaction" : "Dictionary",
    "sampleCount" : 20,
    "errorCount" : 0,
    "errorPct" : 0.0,
    "meanResTime" : 353.25000000000006,
    "medianResTime" : 250.0,
    "minResTime" : 245.0,
    "maxResTime" : 2259.0,
    "pct1ResTime" : 272.0,
    "pct2ResTime" : 2159.6499999999987,
    "pct3ResTime" : 2259.0,
    "throughput" : 2.293577981651376,
    "receivedKBytesPerSec" : 73.06076189793578,
    "sentKBytesPerSec" : 0.3382131594036697
  },
  "Calculators" : {
    "transaction" : "Calculators",
    "sampleCount" : 20,
    "errorCount" : 0,
    "errorPct" : 0.0,
    "meanResTime" : 287.95000000000005,
    "medianResTime" : 254.0,
    "minResTime" : 246.0,
    "maxResTime" : 508.0,
    "pct1ResTime" : 480.1000000000003,
    "pct2ResTime" : 507.3,
    "pct3ResTime" : 508.0,
    "throughput" : 2.206531332744925,
    "receivedKBytesPerSec" : 103.99140831862313,
    "sentKBytesPerSec" : 0.2887453111209179
  },
  "Answers" : {
    "transaction" : "Answers",
    "sampleCount" : 20,
    "errorCount" : 0,
    "errorPct" : 0.0,
    "meanResTime" : 278.34999999999997,
    "medianResTime" : 252.5,
    "minResTime" : 246.0,
    "maxResTime" : 496.0,
    "pct1ResTime" : 472.90000000000043,
    "pct2ResTime" : 495.95,
    "pct3ResTime" : 496.0,
    "throughput" : 2.2925263640531863,
    "receivedKBytesPerSec" : 133.8015997535534,
    "sentKBytesPerSec" : 0.30895374828060523
  },
  "Total" : {
    "transaction" : "Total",
    "sampleCount" : 200,
    "errorCount" : 0,
    "errorPct" : 0.0,
    "meanResTime" : 333.71999999999997,
    "medianResTime" : 250.0,
    "minResTime" : 243.0,
    "maxResTime" : 2259.0,
    "pct1ResTime" : 352.70000000000005,
    "pct2ResTime" : 997.8499999999999,
    "pct3ResTime" : 2178.1100000000015,
    "throughput" : 15.45595054095827,
    "receivedKBytesPerSec" : 479.00466093508504,
    "sentKBytesPerSec" : 2.16896493431221
  },
  "Tutorials" : {
    "transaction" : "Tutorials",
    "sampleCount" : 20,
    "errorCount" : 0,
    "errorPct" : 0.0,
    "meanResTime" : 253.10000000000002,
    "medianResTime" : 250.0,
    "minResTime" : 245.0,
    "maxResTime" : 271.0,
    "pct1ResTime" : 270.0,
    "pct2ResTime" : 271.0,
    "pct3ResTime" : 271.0,
    "throughput" : 2.359325232983367,
    "receivedKBytesPerSec" : 67.19008051197358,
    "sentKBytesPerSec" : 0.3156519110534387
  },
  "Formulas" : {
    "transaction" : "Formulas",
    "sampleCount" : 20,
    "errorCount" : 0,
    "errorPct" : 0.0,
    "meanResTime" : 349.45,
    "medianResTime" : 251.5,
    "minResTime" : 244.0,
    "maxResTime" : 2180.0,
    "pct1ResTime" : 270.9,
    "pct2ResTime" : 2084.5499999999984,
    "pct3ResTime" : 2180.0,
    "throughput" : 2.360996340455672,
    "receivedKBytesPerSec" : 54.65107056427812,
    "sentKBytesPerSec" : 0.32970944988785267
  },
  "Converter" : {
    "transaction" : "Converter",
    "sampleCount" : 20,
    "errorCount" : 0,
    "errorPct" : 0.0,
    "meanResTime" : 705.1999999999999,
    "medianResTime" : 628.5,
    "minResTime" : 245.0,
    "maxResTime" : 1872.0,
    "pct1ResTime" : 1510.100000000001,
    "pct2ResTime" : 1856.2499999999998,
    "pct3ResTime" : 1872.0,
    "throughput" : 1.9831432821021318,
    "receivedKBytesPerSec" : 44.59361056023798,
    "sentKBytesPerSec" : 0.29049950421417947
  },
  "Charts" : {
    "transaction" : "Charts",
    "sampleCount" : 20,
    "errorCount" : 0,
    "errorPct" : 0.0,
    "meanResTime" : 344.04999999999995,
    "medianResTime" : 249.0,
    "minResTime" : 245.0,
    "maxResTime" : 1991.0,
    "pct1ResTime" : 344.8000000000002,
    "pct2ResTime" : 1909.0999999999988,
    "pct3ResTime" : 1991.0,
    "throughput" : 2.359882005899705,
    "receivedKBytesPerSec" : 72.81296091445428,
    "sentKBytesPerSec" : 0.33646755162241887
  },
  "Download" : {
    "transaction" : "Download",
    "sampleCount" : 20,
    "errorCount" : 0,
    "errorPct" : 0.0,
    "meanResTime" : 257.3,
    "medianResTime" : 248.5,
    "minResTime" : 244.0,
    "maxResTime" : 350.0,
    "pct1ResTime" : 272.0,
    "pct2ResTime" : 346.0999999999999,
    "pct3ResTime" : 350.0,
    "throughput" : 2.2675736961451247,
    "receivedKBytesPerSec" : 63.4079152494331,
    "sentKBytesPerSec" : 0.32773526077097503
  },
  "Currencies" : {
    "transaction" : "Currencies",
    "sampleCount" : 20,
    "errorCount" : 0,
    "errorPct" : 0.0,
    "meanResTime" : 251.30000000000004,
    "medianResTime" : 249.0,
    "minResTime" : 243.0,
    "maxResTime" : 270.0,
    "pct1ResTime" : 268.70000000000005,
    "pct2ResTime" : 270.0,
    "pct3ResTime" : 270.0,
    "throughput" : 2.360160490913382,
    "receivedKBytesPerSec" : 45.61056245574699,
    "sentKBytesPerSec" : 0.3526411670993628
  },
  "Examples" : {
    "transaction" : "Examples",
    "sampleCount" : 20,
    "errorCount" : 0,
    "errorPct" : 0.0,
    "meanResTime" : 257.24999999999994,
    "medianResTime" : 248.0,
    "minResTime" : 244.0,
    "maxResTime" : 374.0,
    "pct1ResTime" : 273.7,
    "pct2ResTime" : 368.99999999999994,
    "pct3ResTime" : 374.0,
    "throughput" : 2.359603586597452,
    "receivedKBytesPerSec" : 47.93175215313827,
    "sentKBytesPerSec" : 0.3156891517225106
  }
}